Route ID,Segment,Train Number,Train Name,From,To,Departure,Arrival,Distance (km),Duration,Wait Before,Live Seat Availability,Live Fare (₹)
ROUTE_01,1,12218,KERALA S.KRA,NDLS,KOTA,13:40:00,19:45:00,457.0,6h 5m,0h 0m,UNKNOWN,0.0
ROUTE_02,1,12449,GOA SMPRK K,NDLS,KOTA,18:25:00,10:00:00,455.0,15h 35m,0h 0m,UNKNOWN,0.0
ROUTE_03,1,12450,GOA SMPRK KR,NDLS,KOTA,06:15:00,13:10:00,457.0,6h 55m,0h 0m,UNKNOWN,0.0
ROUTE_04,1,12472,SWARAJ EXPRE,NDLS,KOTA,21:50:00,03:45:00,457.0,5h 55m,0h 0m,UNKNOWN,0.0
ROUTE_05,1,12474,SARVODAYA EX,NDLS,KOTA,21:50:00,03:45:00,457.0,5h 55m,0h 0m,UNKNOWN,0.0
ROUTE_06,1,12476,SARVODAYA EX,NDLS,KOTA,21:50:00,03:45:00,457.0,5h 55m,0h 0m,UNKNOWN,0.0
ROUTE_07,1,12478,SVDK- JAMNAG,NDLS,KOTA,21:50:00,03:45:00,457.0,5h 55m,0h 0m,UNKNOWN,0.0
ROUTE_08,1,12484,KCVL EXPRESS,NDLS,KOTA,13:40:00,19:40:00,457.0,6h 0m,0h 0m,UNKNOWN,0.0
ROUTE_09,1,12926,PASCHIM EXPR,NDLS,KOTA,16:45:00,23:30:00,457.0,6h 45m,0h 0m,UNKNOWN,0.0
ROUTE_10,1,12952,MUMBAI RAJDH,NDLS,KOTA,16:25:00,21:00:00,457.0,4h 35m,0h 0m,UNKNOWN,0.0
ROUTE_11,1,19024,FZR BCT JANT,NDLS,KOTA,13:30:00,23:15:00,457.0,9h 45m,0h 0m,UNKNOWN,0.0
ROUTE_12,1,19804,SVDK-KOTA WE,NDLS,KOTA,14:15:00,23:50:00,457.0,9h 35m,0h 0m,UNKNOWN,0.0
ROUTE_13,1,19806,UHP-KOTA WEE,NDLS,KOTA,03:40:00,11:10:00,457.0,7h 30m,0h 0m,UNKNOWN,0.0
ROUTE_14,1,22210,BCT DURONTO,NDLS,KOTA,23:25:00,04:15:00,457.0,4h 50m,0h 0m,UNKNOWN,0.0
ROUTE_15,1,11057,AMRITSAR EXP,NDLS,UMB,04:30:00,09:20:00,199.0,4h 50m,0h 0m,UNKNOWN,0.0
ROUTE_15,2,12926,PASCHIM EXPR,UMB,KOTA,13:05:00,23:30:00,655.0,10h 25m,3h 45m,UNKNOWN,0.0
ROUTE_16,1,11057,AMRITSAR EXP,NDLS,UMB,04:30:00,09:20:00,199.0,4h 50m,0h 0m,UNKNOWN,0.0
ROUTE_16,2,12218,KERALA S.KRA,UMB,KOTA,10:20:00,19:45:00,655.0,9h 25m,1h 0m,UNKNOWN,0.0
ROUTE_17,1,11057,AMRITSAR EXP,NDLS,UMB,04:30:00,09:20:00,199.0,4h 50m,0h 0m,UNKNOWN,0.0
ROUTE_17,2,12484,KCVL EXPRESS,UMB,KOTA,10:20:00,19:40:00,655.0,9h 20m,1h 0m,UNKNOWN,0.0
ROUTE_18,1,11057,AMRITSAR EXP,NDLS,JRC,04:30:00,14:43:00,419.0,10h 13m,0h 0m,UNKNOWN,0.0
ROUTE_18,2,22941,INDB JAT SF,JRC,KOTA,21:28:00,06:10:00,827.0,8h 42m,6h 45m,UNKNOWN,0.0
ROUTE_19,1,11057,AMRITSAR EXP,NDLS,ASR,04:30:00,16:30:00,502.0,12h 0m,0h 0m,UNKNOWN,0.0
ROUTE_19,2,12904,GOLDN TEMPLE,ASR,KOTA,21:25:00,14:20:00,968.0,16h 55m,4h 55m,UNKNOWN,0.0
ROUTE_20,1,11058,ASR CSMT EXP,NDLS,NZM,20:45:00,21:03:00,7.0,0h 18m,0h 0m,UNKNOWN,0.0
ROUTE_20,2,12284,NZM-ERS DURO,NZM,KOTA,21:35:00,03:00:00,450.0,5h 25m,0h 32m,UNKNOWN,0.0
ROUTE_21,1,11058,ASR CSMT EXP,NDLS,NZM,20:45:00,21:03:00,7.0,0h 18m,0h 0m,UNKNOWN,0.0
ROUTE_21,2,12494,NZM-PUNE AC,NZM,KOTA,21:35:00,03:00:00,450.0,5h 25m,0h 32m,UNKNOWN,0.0
ROUTE_22,1,11058,ASR CSMT EXP,NDLS,NZM,20:45:00,21:03:00,7.0,0h 18m,0h 0m,UNKNOWN,0.0
ROUTE_22,2,12908,MHRST SMPRK,NZM,KOTA,21:35:00,03:00:00,450.0,5h 25m,0h 32m,UNKNOWN,0.0
ROUTE_23,1,11058,ASR CSMT EXP,NDLS,NZM,20:45:00,21:03:00,7.0,0h 18m,0h 0m,UNKNOWN,0.0
ROUTE_23,2,12912,HW BL SUP EX,NZM,KOTA,23:35:00,06:10:00,451.0,6h 35m,2h 32m,UNKNOWN,0.0
ROUTE_24,1,11058,ASR CSMT EXP,NDLS,NZM,20:45:00,21:03:00,7.0,0h 18m,0h 0m,UNKNOWN,0.0
ROUTE_24,2,12917,GUJARAT SMPR,NZM,KOTA,00:00:00,02:55:00,448.0,2h 55m,2h 57m,UNKNOWN,0.0
ROUTE_25,1,11058,ASR CSMT EXP,NDLS,MTJ,20:45:00,23:35:00,138.0,2h 50m,0h 0m,UNKNOWN,0.0
ROUTE_25,2,19020,DEHRADUN EXP,MTJ,KOTA,01:35:00,07:35:00,320.0,6h 0m,2h 0m,UNKNOWN,0.0
ROUTE_26,1,11058,ASR CSMT EXP,NDLS,MTJ,20:45:00,23:35:00,138.0,2h 50m,0h 0m,UNKNOWN,0.0
ROUTE_26,2,19806,UHP-KOTA WEE,MTJ,KOTA,06:20:00,11:10:00,320.0,4h 50m,6h 45m,UNKNOWN,0.0
ROUTE_27,1,11058,ASR CSMT EXP,NDLS,MTJ,20:45:00,23:35:00,138.0,2h 50m,0h 0m,UNKNOWN,0.0
ROUTE_27,2,22634,NZM TVC SF E,MTJ,KOTA,02:02:00,06:15:00,320.0,4h 13m,2h 27m,UNKNOWN,0.0
ROUTE_28,1,11058,ASR CSMT EXP,NDLS,MTJ,20:45:00,23:35:00,138.0,2h 50m,0h 0m,UNKNOWN,0.0
ROUTE_28,2,12472,SWARAJ EXPRE,MTJ,KOTA,00:10:00,03:45:00,320.0,3h 35m,0h 35m,UNKNOWN,0.0
ROUTE_29,1,11058,ASR CSMT EXP,NDLS,MTJ,20:45:00,23:35:00,138.0,2h 50m,0h 0m,UNKNOWN,0.0
ROUTE_29,2,12474,SARVODAYA EX,MTJ,KOTA,00:10:00,03:45:00,320.0,3h 35m,0h 35m,UNKNOWN,0.0
ROUTE_30,1,11058,ASR CSMT EXP,NDLS,MTJ,20:45:00,23:35:00,138.0,2h 50m,0h 0m,UNKNOWN,0.0
ROUTE_30,2,12476,SARVODAYA EX,MTJ,KOTA,00:10:00,03:45:00,320.0,3h 35m,0h 35m,UNKNOWN,0.0
ROUTE_31,1,11058,ASR CSMT EXP,NDLS,MTJ,20:45:00,23:35:00,138.0,2h 50m,0h 0m,UNKNOWN,0.0
ROUTE_31,2,12478,SVDK- JAMNAG,MTJ,KOTA,00:10:00,03:45:00,320.0,3h 35m,0h 35m,UNKNOWN,0.0
ROUTE_32,1,11058,ASR CSMT EXP,NDLS,MTJ,20:45:00,23:35:00,138.0,2h 50m,0h 0m,UNKNOWN,0.0
ROUTE_32,2,12964,MEWAR EXPRES,MTJ,KOTA,04:30:00,23:30:00,320.0,19h 0m,4h 55m,UNKNOWN,0.0
ROUTE_33,1,11058,ASR CSMT EXP,NDLS,MTJ,20:45:00,23:35:00,138.0,2h 50m,0h 0m,UNKNOWN,0.0
ROUTE_33,2,19062,RMR BDTS EXP,MTJ,KOTA,01:30:00,07:10:00,349.0,5h 40m,1h 55m,UNKNOWN,0.0
ROUTE_34,1,11058,ASR CSMT EXP,NDLS,MTJ,20:45:00,23:35:00,138.0,2h 50m,0h 0m,UNKNOWN,0.0
ROUTE_34,2,59356,MTJ RATLAM P,MTJ,KOTA,05:00:00,12:40:00,320.0,7h 40m,5h 25m,UNKNOWN,0.0
ROUTE_35,1,11058,ASR CSMT EXP,NDLS,AGC,20:45:00,00:35:00,191.0,3h 50m,0h 0m,UNKNOWN,0.0
ROUTE_35,2,13237,PNBE- KOTA,AGC,KOTA,06:05:00,12:55:00,373.0,6h 50m,5h 30m,UNKNOWN,0.0
ROUTE_36,1,11058,ASR CSMT EXP,NDLS,AGC,20:45:00,00:35:00,191.0,3h 50m,0h 0m,UNKNOWN,0.0
ROUTE_36,2,13239,PNBE-KOTA EX,AGC,KOTA,06:05:00,12:55:00,373.0,6h 50m,5h 30m,UNKNOWN,0.0
ROUTE_37,1,11058,ASR CSMT EXP,NDLS,AGC,20:45:00,00:35:00,191.0,3h 50m,0h 0m,UNKNOWN,0.0
ROUTE_37,2,19042,GCT BANDRA(T,AGC,KOTA,08:30:00,15:00:00,329.0,6h 30m,7h 55m,UNKNOWN,0.0
ROUTE_38,1,11058,ASR CSMT EXP,NDLS,BINA,20:45:00,08:55:00,547.0,12h 10m,0h 0m,UNKNOWN,0.0
ROUTE_38,2,51612,BINA-KOTA PA,BINA,KOTA,10:00:00,18:50:00,303.0,8h 50m,1h 5m,UNKNOWN,0.0
ROUTE_39,1,11058,ASR CSMT EXP,NDLS,ET,20:45:00,13:15:00,777.0,16h 30m,0h 0m,UNKNOWN,0.0
ROUTE_39,2,12967,JAIPUR EXP,ET,KOTA,16:00:00,01:45:00,551.0,9h 45m,2h 45m,UNKNOWN,0.0
ROUTE_40,1,11058,ASR CSMT EXP,NDLS,ET,20:45:00,13:15:00,777.0,16h 30m,0h 0m,UNKNOWN,0.0
ROUTE_40,2,12969,CBE JAIPUR E,ET,KOTA,16:00:00,01:45:00,551.0,9h 45m,2h 45m,UNKNOWN,0.0
ROUTE_41,1,11058,ASR CSMT EXP,NDLS,ET,20:45:00,13:15:00,777.0,16h 30m,0h 0m,UNKNOWN,0.0
ROUTE_41,2,12975,MYS JP SF EX,ET,KOTA,16:00:00,01:45:00,551.0,9h 45m,2h 45m,UNKNOWN,0.0
ROUTE_42,1,11058,ASR CSMT EXP,NDLS,ET,20:45:00,13:15:00,777.0,16h 30m,0h 0m,UNKNOWN,0.0
ROUTE_42,2,19714,SC JP EXP,ET,KOTA,16:00:00,01:45:00,551.0,9h 45m,2h 45m,UNKNOWN,0.0
ROUTE_43,1,11058,ASR CSMT EXP,NDLS,ET,20:45:00,13:15:00,777.0,16h 30m,0h 0m,UNKNOWN,0.0
ROUTE_43,2,20813,PURI-JODHPUR,ET,KOTA,16:00:00,01:45:00,551.0,9h 45m,2h 45m,UNKNOWN,0.0
ROUTE_44,1,11058,ASR CSMT EXP,NDLS,ET,20:45:00,13:15:00,777.0,16h 30m,0h 0m,UNKNOWN,0.0
ROUTE_44,2,16864,MQ-BGKT,ET,KOTA,20:05:00,06:15:00,551.0,10h 10m,6h 50m,UNKNOWN,0.0
ROUTE_45,1,11058,ASR CSMT EXP,NDLS,ET,20:45:00,13:15:00,777.0,16h 30m,0h 0m,UNKNOWN,0.0
ROUTE_45,2,22631,MAS-BKN ANUR,ET,KOTA,20:05:00,06:15:00,551.0,10h 10m,6h 50m,UNKNOWN,0.0
ROUTE_46,1,11058,ASR CSMT EXP,NDLS,KYN,20:45:00,02:42:00,1475.0,5h 57m,0h 0m,UNKNOWN,0.0
ROUTE_46,2,12493,PUNE-NZM AC,KYN,KOTA,07:50:00,22:10:00,912.0,14h 20m,5h 8m,UNKNOWN,0.0
ROUTE_47,1,11058,ASR CSMT EXP,NDLS,KYN,20:45:00,02:42:00,1475.0,5h 57m,0h 0m,UNKNOWN,0.0
ROUTE_47,2,12940,JP PUNE SF E,KYN,KOTA,05:15:00,12:50:00,912.0,7h 35m,2h 33m,UNKNOWN,0.0
ROUTE_48,1,11077,JHELUM EXPRE,NDLS,JAT,21:20:00,10:05:00,576.0,12h 45m,0h 0m,UNKNOWN,0.0
ROUTE_48,2,19806,UHP-KOTA WEE,JAT,KOTA,16:05:00,11:10:00,1033.0,19h 5m,6h 0m,UNKNOWN,0.0
ROUTE_49,1,11078,JHELUM EXPRE,NDLS,PUNE,10:15:00,15:10:00,1581.0,4h 55m,0h 0m,UNKNOWN,0.0
ROUTE_49,2,12494,NZM-PUNE AC,PUNE,KOTA,21:25:00,03:00:00,1051.0,5h 35m,6h 15m,UNKNOWN,0.0
ROUTE_50,1,11449,JBP-SVDK EXP,NDLS,JHL,00:10:00,04:00:00,200.0,3h 50m,0h 0m,UNKNOWN,0.0
ROUTE_50,2,19024,FZR BCT JANT,JHL,KOTA,08:36:00,23:15:00,657.0,14h 39m,4h 36m,UNKNOWN,0.0
ROUTE_51,1,11449,JBP-SVDK EXP,NDLS,SVDK,00:10:00,15:20:00,670.0,15h 10m,0h 0m,UNKNOWN,0.0
ROUTE_51,2,19804,SVDK-KOTA WE,SVDK,KOTA,21:55:00,23:50:00,1127.0,1h 55m,6h 35m,UNKNOWN,0.0
ROUTE_52,1,11449,JBP-SVDK EXP,NDLS,SGO,00:10:00,10:40:00,612.0,10h 30m,0h 0m,UNKNOWN,0.0
ROUTE_52,2,18009,SRC - AII EX,SGO,KOTA,14:20:00,22:00:00,371.0,7h 40m,3h 40m,UNKNOWN,0.0
ROUTE_53,1,11449,JBP-SVDK EXP,NDLS,DMO,00:10:00,09:38:00,689.0,9h 28m,0h 0m,UNKNOWN,0.0
ROUTE_53,2,18010,AII-SRC EXP,DMO,KOTA,12:15:00,02:25:00,449.0,14h 10m,2h 37m,UNKNOWN,0.0
ROUTE_54,1,11449,JBP-SVDK EXP,NDLS,DMO,00:10:00,09:38:00,689.0,9h 28m,0h 0m,UNKNOWN,0.0
ROUTE_54,2,18208,AII  - DURG,DMO,KOTA,10:25:00,01:35:00,449.0,15h 10m,0h 47m,UNKNOWN,0.0
ROUTE_55,1,11449,JBP-SVDK EXP,NDLS,DMO,00:10:00,09:38:00,689.0,9h 28m,0h 0m,UNKNOWN,0.0
ROUTE_55,2,18214,JP - DURG EX,DMO,KOTA,10:25:00,01:35:00,448.0,15h 10m,0h 47m,UNKNOWN,0.0
ROUTE_56,1,11449,JBP-SVDK EXP,NDLS,SGO,00:10:00,10:40:00,612.0,10h 30m,0h 0m,UNKNOWN,0.0
ROUTE_56,2,19607,KOAA AII EXP,SGO,KOTA,14:20:00,22:00:00,371.0,7h 40m,3h 40m,UNKNOWN,0.0
ROUTE_57,1,11449,JBP-SVDK EXP,NDLS,DMO,00:10:00,09:38:00,689.0,9h 28m,0h 0m,UNKNOWN,0.0
ROUTE_57,2,19608,AII KOAA EXP,DMO,KOTA,12:15:00,02:20:00,448.0,14h 5m,2h 37m,UNKNOWN,0.0
ROUTE_58,1,11449,JBP-SVDK EXP,NDLS,MAKR,00:10:00,12:18:00,541.0,12h 8m,0h 0m,UNKNOWN,0.0
ROUTE_58,2,19659,SHM UDZ EXPR,MAKR,KOTA,18:10:00,01:00:00,301.0,6h 50m,5h 52m,UNKNOWN,0.0
ROUTE_59,1,11449,JBP-SVDK EXP,NDLS,DMO,00:10:00,09:38:00,689.0,9h 28m,0h 0m,UNKNOWN,0.0
ROUTE_59,2,19660,UDZ SHM EXP,DMO,KOTA,12:15:00,01:40:00,449.0,13h 25m,2h 37m,UNKNOWN,0.0
ROUTE_60,1,11450,SVDK-JBP EXP,NDLS,JBP,14:15:00,07:25:00,894.0,17h 10m,0h 0m,UNKNOWN,0.0
ROUTE_60,2,12182,AII-JBP DAYO,JBP,KOTA,08:45:00,21:20:00,651.0,12h 35m,1h 20m,UNKNOWN,0.0
ROUTE_61,1,12004,NDLS-LKO SHA,NDLS,GZB,06:10:00,06:48:00,25.0,0h 38m,0h 0m,UNKNOWN,0.0
ROUTE_61,2,12911,BL HARIDWAR,GZB,KOTA,11:42:00,02:40:00,476.0,14h 58m,4h 54m,UNKNOWN,0.0
ROUTE_62,1,12004,NDLS-LKO SHA,NDLS,GZB,06:10:00,06:48:00,25.0,0h 38m,0h 0m,UNKNOWN,0.0
ROUTE_62,2,22660,DDN KCVL SUP,GZB,KOTA,12:32:00,19:45:00,477.0,7h 13m,5h 44m,UNKNOWN,0.0
ROUTE_63,1,12004,NDLS-LKO SHA,NDLS,TDL,06:10:00,08:49:00,209.0,2h 39m,0h 0m,UNKNOWN,0.0
ROUTE_63,2,12942,PARASNATH EX,TDL,KOTA,11:40:00,17:45:00,352.0,6h 5m,2h 51m,UNKNOWN,0.0
ROUTE_64,1,12004,NDLS-LKO SHA,NDLS,CNB,06:10:00,11:20:00,430.0,5h 10m,0h 0m,UNKNOWN,0.0
ROUTE_64,2,12947,AZIMABAD EXP,CNB,KOTA,19:05:00,07:25:00,572.0,12h 20m,7h 45m,UNKNOWN,0.0
ROUTE_65,1,12004,NDLS-LKO SHA,NDLS,CNB,06:10:00,11:20:00,430.0,5h 10m,0h 0m,UNKNOWN,0.0
ROUTE_65,2,22443,CNB-BDTS EXP,CNB,KOTA,18:20:00,07:05:00,699.0,12h 45m,7h 0m,UNKNOWN,0.0
ROUTE_66,1,12005,NDLS-KLK- SH,NDLS,CDG,17:15:00,20:40:00,243.0,3h 25m,0h 0m,UNKNOWN,0.0
ROUTE_66,2,12449,GOA SMPRK K,CDG,KOTA,00:00:00,10:00:00,699.0,10h 0m,3h 20m,UNKNOWN,0.0
ROUTE_67,1,12005,NDLS-KLK- SH,NDLS,CDG,17:15:00,20:40:00,243.0,3h 25m,0h 0m,UNKNOWN,0.0
ROUTE_67,2,12450,GOA SMPRK KR,CDG,KOTA,02:05:00,13:10:00,700.0,11h 5m,5h 25m,UNKNOWN,0.0
ROUTE_68,1,12015,NDLS-AII SHA,NDLS,KSG,06:05:00,12:12:00,413.0,6h 7m,0h 0m,UNKNOWN,0.0
ROUTE_68,2,12182,AII-JBP DAYO,KSG,KOTA,15:58:00,21:20:00,345.0,5h 22m,3h 46m,UNKNOWN,0.0
ROUTE_69,1,12015,NDLS-AII SHA,NDLS,AII,06:05:00,12:45:00,442.0,6h 40m,0h 0m,UNKNOWN,0.0
ROUTE_69,2,18010,AII-SRC EXP,AII,KOTA,19:25:00,02:25:00,357.0,7h 0m,6h 40m,UNKNOWN,0.0
ROUTE_70,1,12015,NDLS-AII SHA,NDLS,KSG,06:05:00,12:12:00,413.0,6h 7m,0h 0m,UNKNOWN,0.0
ROUTE_70,2,18208,AII  - DURG,KSG,KOTA,19:59:00,01:35:00,345.0,5h 36m,7h 47m,UNKNOWN,0.0
ROUTE_71,1,12015,NDLS-AII SHA,NDLS,AII,06:05:00,12:45:00,442.0,6h 40m,0h 0m,UNKNOWN,0.0
ROUTE_71,2,19608,AII KOAA EXP,AII,KOTA,19:25:00,02:20:00,358.0,6h 55m,6h 40m,UNKNOWN,0.0
ROUTE_72,1,12015,NDLS-AII SHA,NDLS,JP,06:05:00,10:40:00,308.0,4h 35m,0h 0m,UNKNOWN,0.0
ROUTE_72,2,11204,JAIPUR NAGPU,JP,KOTA,16:30:00,02:30:00,492.0,10h 0m,5h 50m,UNKNOWN,0.0
ROUTE_73,1,12015,NDLS-AII SHA,NDLS,JP,06:05:00,10:40:00,308.0,4h 35m,0h 0m,UNKNOWN,0.0
ROUTE_73,2,12939,PUNE JAIPUR,JP,KOTA,13:40:00,09:20:00,239.0,19h 40m,3h 0m,UNKNOWN,0.0
ROUTE_74,1,12015,NDLS-AII SHA,NDLS,JP,06:05:00,10:40:00,308.0,4h 35m,0h 0m,UNKNOWN,0.0
ROUTE_74,2,12956,JP BCT SUPFA,JP,KOTA,14:00:00,17:25:00,239.0,3h 25m,3h 20m,UNKNOWN,0.0
ROUTE_75,1,12015,NDLS-AII SHA,NDLS,JP,06:05:00,10:40:00,308.0,4h 35m,0h 0m,UNKNOWN,0.0
ROUTE_75,2,22934,JP BDTS SF E,JP,KOTA,12:45:00,16:50:00,239.0,4h 4m,2h 5m,UNKNOWN,0.0
